{
    "fightCount": 6,
    "flightCount": 3,
    "freezeCount": 14,
    "performance_ms": 0.1076044,
    "minMs": 0.0,
    "maxMs": 2.0682000000000007
}