{
    "fightCount": 4,
    "flightCount": 1,
    "freezeCount": 4,
    "performance_ms": 0.059099200000000028,
    "minMs": 0.0,
    "maxMs": 1.9892333333333337
}