{
    "fightCount": 528.0,
    "flightCount": 197.0,
    "freezeCount": 275.0,
    "performance_ms": 3.815577066666668,
    "minMs": 0.0,
    "maxMs": 16.701900000000003
}