{
    "fightCount": 969,
    "flightCount": 310,
    "freezeCount": 1220,
    "performance_ms": 9.60161073333333,
    "minMs": 0.0,
    "maxMs": 33.340466666666667
}