{
    "fightCount": 12.0,
    "flightCount": 8.0,
    "freezeCount": 5.0,
    "performance_ms": 0.11254786666666672,
    "minMs": 0.0,
    "maxMs": 1.9928333333333335
}