{
    "fightCount": 47.0,
    "flightCount": 28.0,
    "freezeCount": 25.0,
    "performance_ms": 0.3776424000000002,
    "minMs": 0.0,
    "maxMs": 3.0874666666666665
}