{
    "fightCount": 414,
    "flightCount": 114,
    "freezeCount": 471,
    "performance_ms": 3.8248849999999998,
    "minMs": 0.0,
    "maxMs": 17.18626666666667
}