{
    "fightCount": 32,
    "flightCount": 13,
    "freezeCount": 54,
    "performance_ms": 0.3715471333333335,
    "minMs": 0.0,
    "maxMs": 2.6993000000000006
}