{
    "fightCount": 125.0,
    "flightCount": 52.0,
    "freezeCount": 73.0,
    "performance_ms": 0.8792581333333333,
    "minMs": 0.0,
    "maxMs": 6.5745000000000008
}