{
    "fightCount": 195,
    "flightCount": 79,
    "freezeCount": 225,
    "performance_ms": 1.8654764666666673,
    "minMs": 0.0,
    "maxMs": 13.340533333333335
}